Quarters Nueces,Studio,Studio
Quarters Nueces,1,1
Quarters Nueces,2,2
Quarters Nueces,3,3
Quarters Nueces,4,4
Pointe on Rio,1,1
Pointe on Rio,2,2
Pointe on Rio,3,3
Pointe on Rio,3,2
Pointe on Rio,4,2
Pointe on Rio,4,3
Pointe on Rio,4,4
Pointe on Rio,5,2
Pointe on Rio,5,3
Pointe on Rio,5,4
Moontower,Studio,Studio
Moontower,2,2
Moontower,3,3
Moontower,4,3
Moontower,4,4
Moontower,5,5
Waterloo,Studio,Studio
Waterloo,2,2
Waterloo,3,3
Waterloo,4,4
Waterloo,5,5
Waterloo,6,6
The Mark,Studio,Studio
The Mark,1,1
The Mark,2,2
The Mark,3,3
The Mark,4,4
The Mark,5,5
The Mark,6,6
Twenty Two Fifteen,Studio,Studio
Twenty Two Fifteen,1,1
Twenty Two Fifteen,2,2
Twenty Two Fifteen,3,3
Twenty Two Fifteen,4,4
Lark,Studio,Studio
Lark,1,1
Lark,2,2
Lark,3,3
Lark,4,4
Signature,Studio,Studio
Signature,1,1
Signature,2,2
Signature,3,3
Signature,4,4
Signature,5,5
26 West,1,1
26 West,2,1
26 West,2,2
26 West,4,2
26 West,4,4
Villas on Rio,Studio,Studio
Villas on Rio,1,1
Villas on Rio,2,2
Villas on Rio,3,3
Villas on Rio,4,4
Villas on Rio,5,5
2400 Nueces,Studio,Studio
2400 Nueces,1,1
2400 Nueces,2,2
2400 Nueces,3,3
2400 Nueces,4,4
Ion,Studio,Studio
Ion,1,1
Ion,2,2
Ion,3,3
Ion,4,4
Skyloft,1,1
Skyloft,2,1
Skyloft,2,2
Skyloft,3,2
Skyloft,3,3
Skyloft,4,2
Skyloft,4,3
Nine at Rio,Studio,Studio
Nine at Rio,2,1
Nine at Rio,2,2
Nine at Rio,3,2
Nine at Rio,3,3
Nine at Rio,4,2
Nine at Rio,4,3
Nine at Rio,4,4
Nine at Rio,5,4
Rise,Studio,Studio
Rise,2,2
Rise,4,4
Rise,6,6
Rise,4,2
Rise,5,3
Rambler,Studio,Studio
Rambler,1,1
Rambler,2,2
Rambler,3,3
Rambler,4,2
Rambler,4,4
Rambler,5,5
Rambler,6,6
The Block on 25th,1,1
The Block on 25th,2,2
The Block on 25th,2,1
The Block on 25th,3,2
The Block on 25th,3,3
The Block on 25th,4,2
The Block on 25th,4,4
The Block on 25th,4,3
The Block on 25th,5,3
The Block on 25th,5,4
GrandMarc,1,1
GrandMarc,2,2
GrandMarc,3,3
GrandMarc,4,4
Inspire on 22nd,1,1
Inspire on 22nd,2,2
Inspire on 22nd,3,3
Inspire on 22nd,4,4
Inspire on 22nd,5,4
Inspire on 22nd,5,5
Villas on 26th,Studio,Studio
Villas on 26th,1,1
Villas on 26th,3,2
Villas on 26th,3,3
Villas on 26th,4,3
Villas on 26th,4,4
Villas on 26th,5,5
Villas on 26th,6,6
The Standard,Studio,Studio
The Standard,1,1
The Standard,2,2
The Standard,3,3
The Standard,4,4
The Standard,5,3
The Standard,5,4
The Standard,5,5
The Standard,6,4
Crest at Pearl,Studio,Studio
Crest at Pearl,1,1
Crest at Pearl,2,1
Crest at Pearl,2,2
Crest at Pearl,3,3
Crest at Pearl,4,4